<?xml version="1.0" encoding="UTF-8"?>
<beans xmlns="http://www.springframework.org/schema/beans"
	xmlns:xsi="http://www.w3.org/2001/XMLSchema-instance"
	xmlns:context="http://www.springframework.org/schema/context"
	xmlns:tx="http://www.springframework.org/schema/tx"
	xmlns:aop="http://www.springframework.org/schema/aop"
	xsi:schemaLocation="http://www.springframework.org/schema/beans http://www.springframework.org/schema/beans/spring-beans.xsd
		http://www.springframework.org/schema/context http://www.springframework.org/schema/context/spring-context-4.3.xsd
		http://www.springframework.org/schema/aop http://www.springframework.org/schema/aop/spring-aop-4.3.xsd
		http://www.springframework.org/schema/tx http://www.springframework.org/schema/tx/spring-tx-4.3.xsd">
	
	<!-- 自动扫描 -->
	<context:component-scan base-package="online.shixun" />
	
	<bean id="dataSource" class="org.apache.commons.dbcp.BasicDataSource">
		<property name="username" value="root" />
		<!-- 这里改数据库密码 -->
		<property name="password" value="iyuyun" />
		<property name="driverClassName" value="com.mysql.jdbc.Driver" />
		<property name="url" value="jdbc:mysql://localhost:3306/financial_genius" />
	</bean>
	
	<!-- hibernate -->
	<bean id="sessionFactory" class="org.springframework.orm.hibernate4.LocalSessionFactoryBean">
		<!-- 数据库连接 -->
		<property name="dataSource" ref="dataSource" />
		
		<!-- hibernate属性 -->
		<property name="hibernateProperties">
			<props>
				<prop key="hibernate.dialect">org.hibernate.dialect.MySQLDialect</prop>
				<prop key="hibernate.show_sql">true</prop>
				<prop key="hibernate.format_sql">true</prop>
				<prop key="hibernate.hbm2ddl.auto">update</prop>
			</props>
		</property>
		
		<!-- hibernate扫描实体映射配置 -->
		<property name="packagesToScan">
			<list>
				<value>online.shixun.model</value>
			</list>
		</property>
	</bean>

	<!-- 事务配置：声明式事务 -->
	<bean id="txManager" class="org.springframework.orm.hibernate4.HibernateTransactionManager">
		<property name="sessionFactory" ref="sessionFactory" />
	</bean>
	
	<!-- 事务规则 -->
	<tx:advice id="txAdvice" transaction-manager="txManager">
		<tx:attributes>
			<tx:method name="*" propagation="REQUIRED" rollback-for="Exception"/>
			<tx:method name="add*" propagation="REQUIRED" rollback-for="Exception"/>
			<tx:method name="save*" propagation="REQUIRED" rollback-for="Exception"/>
			<tx:method name="delete*"  propagation="REQUIRED" rollback-for="Exception"/>
			<tx:method name="update*"  propagation="REQUIRED" rollback-for="Exception"/>
			<tx:method name="get*" read-only="false" propagation="NOT_SUPPORTED"/>
			<tx:method name="find*" read-only="false" propagation="NOT_SUPPORTED"/> 
		</tx:attributes>
	</tx:advice>
	
	<!-- 事务的切面 -->
	<aop:config>
		<aop:pointcut id="txPointcut" expression="execution(* online.shixun.service.Impl.*.*(..))" />
		<aop:advisor advice-ref="txAdvice" pointcut-ref="txPointcut"/>
	</aop:config>
	
	<!-- 引入spring提供的hibernate模板
	 -->
	<bean id="baseDao" class="online.shixun.dao.BaseDao">
		<property name="sessionFactory" ref="sessionFactory" />
	</bean>
	<aop:aspectj-autoproxy proxy-target-class="true"></aop:aspectj-autoproxy>
</beans>
