<?xml version="1.0" encoding="UTF-8" ?>
<!DOCTYPE struts PUBLIC
	"-//Apache Software Foundation//DTD Struts Configuration 2.3//EN"
	"http://struts.apache.org/dtds/struts-2.3.dtd">

<struts>
	<!-- 修改动态方法的调用,true 动态方法，false 非动态方法 -->
	<constant name="struts.enable.DynamicMethodInvocation" value="true"/>
	
    <package name="default" namespace="/" extends="json-default">
    	
    	<action name="loginAction!*" class="loginAction" method="{1}">
        	<result name="success">proscenium/main2/home.jsp</result>
        	<result name="default">login.jsp</result>
        </action>
        
	    <action name="userAction!*" class="userAction" method="{1}">
            <result name="succeed">/proscenium/person/personalData.jsp</result>
            <result name="update">/proscenium/person/personalData-edit.jsp</result>
            <result name="login">/login.jsp</result>
            <result name="register">/register.jsp</result>
            <result name="modifyPwd">/proscenium/modifyPassword/loginPassword-edit.jsp</result>
        	<result name="modifyPPwd">/proscenium/modifyPassword/payPassword-edit.jsp</result>
    		<result name="mypanel">proscenium/main2/myPanel.jsp</result>
    		<result name="getSessionUser">proscenium/main2/myPanel.jsp</result>
    		<result name="success" type="json" >
       	 	<param name="root">jsontext</param>
       	 	</result>
        </action>
        
        <action name="depositRecordAction" class="depositRecordAction" method="getPageList">
        	<result name="list">/proscenium/infosta/showSource.jsp</result>
        </action>
        
        <action name="withdrawalRecordAction" class="withdrawalRecordAction" method="getPageList">
        	<result name="list">/proscenium/infosta/showWithdraw.jsp</result>
        </action>
        
         <action name="rechargeRecordAction" class="rechargeRecordAction" method="getPageList">
        	<result name="list">/proscenium/infosta/showRecharge.jsp</result>
        </action>
        
        <action name="bankCardingAction!*" class="bankCardingAction" method="{1}">
        	<result name="list">/proscenium/bankCard/unbindBankCard.jsp</result>
        	<result name="add">/proscenium/bankCard/bindBankCard.jsp</result>
        </action>
        
        <action name="rechargeAction!*" class="rechargeAction" method="{1}">
        	<result name="success">/proscenium/infosta/showRecharge.jsp</result>
        	<result name="withdraw">/proscenium/infosta/showWithdraw.jsp</result>
        	<result name="recharge">/proscenium/chargeAndwithdraw/recharge.jsp</result>
        	<result name="withdraw2">/proscenium/chargeAndwithdraw/withdraw.jsp</result>
        </action>
        
         <action name="investmentAction!*" class="investmentAction" method="{1}">
        	<result name="list">/proscenium/investment/buySource.jsp</result>
        	<result name="get">/proscenium/investment/buySource-final.jsp</result>
        	<result name="buy">/proscenium/investment/buySource.jsp</result>
        	<result name="show">/proscenium/investment/showSource.jsp</result>
        	<result name="showTransfer">/proscenium/investment/transferSource.jsp</result>
        	<result name="to_transfer">/proscenium/investment/transferSource-final.jsp</result>
        	<result name="sell">/proscenium/investment/transferSource.jsp</result>
        	<result name="ll">/proscenium/investment/transferSource-final.jsp</result>
        </action>
    </package>
</struts>
